movimiento_id,buque_id,matricula,radar_id,muelle,tipo_carga,origen,fecha_ingreso,hora_ingreso,fecha_egreso,hora_egreso,tonelaje_declarado,velocidad_ingreso,velocidad_maxima_muelle,estado_despacho,duracion_horas,exceso_velocidad_real,exceso_velocidad,imagen,matricula_imagen,ratio,grupo_imagen
MOV-00136,B-031,CMA-LITORAL,R-08,MUELLE-C,HARINA,HAMBURG,2024-10-24,04:57,2024-10-27,11:29,5737.11,15.7,12,DESPACHADO,78.53333333333333,3.6999999999999993,3.099999999999998,port_log/data/raw/imgs/port_log_images/0048_plate.jpg,CMA-LITORAL,100.0,plates
MOV-00014,B-003,MAERSK-PAMPAS,,MUELLE-E,TRIGO,SHANGHAI,2023-06-30,10:42,2023-07-01,19:13,6604.27,13.9,12,RECHAZADO,32.516666666666666,1.9000000000000004,1.299999999999999,port_log/data/raw/imgs/port_log_images/0038_plate_patente.jpg,MAERSK-PAMP45,83.33333333333334,plates
MOV-00081,B-021,HAPAG-RIO,R-07,MUELLE-C,HARINA,HAMBURG,2022-01-17,03:59,2022-01-18,07:00,4553.31,14.2,12,PENDIENTE,27.016666666666666,2.1999999999999997,1.599999999999998,port_log/data/raw/imgs/port_log_images/0019_plate_patente.jpg,HAPAG-R1O,87.5,plates
MOV-00081,B-021,HAPAG-RIO,R-07,MUELLE-C,HARINA,HAMBURG,2022-01-17,03:59,2022-01-18,07:00,4553.31,14.2,12,PENDIENTE,27.016666666666666,2.1999999999999997,1.599999999999998,port_log/data/raw/imgs/port_log_images/0009_plate.jpg,HAPAG-RIO,100.0,plates
MOV-00014,B-003,MAERSK-PAMPAS,,MUELLE-E,TRIGO,SHANGHAI,2023-06-30,10:42,2023-07-01,19:13,6604.27,13.9,12,RECHAZADO,32.516666666666666,1.9000000000000004,1.299999999999999,port_log/data/raw/imgs/port_log_images/0025_plate_patente.jpg,MAERSK -PAMPAS,100.0,plates
MOV-00031,B-028,MAERSK-LIMA,R-02,MUELLE-D,MAIZ,VALPARAISO,2022-01-04,11:27,2022-01-05,01:21,7051.4,13.5,12,DESPACHADO,13.9,1.5,0.8999999999999986,port_log/data/raw/imgs/port_log_images/0004_plate.jpg,MAERSK-LIMA,100.0,plates
MOV-00014,B-003,MAERSK-PAMPAS,,MUELLE-E,TRIGO,SHANGHAI,2023-06-30,10:42,2023-07-01,19:13,6604.27,13.9,12,RECHAZADO,32.516666666666666,1.9000000000000004,1.299999999999999,port_log/data/raw/imgs/port_log_images/0023_plate_patente.jpg,MAERSK -PAMPAS,100.0,plates
MOV-00018,B-023,YANG-MING,R-07,MUELLE-D,TRIGO,HAMBURG,2021-11-19,21:43,2021-11-22,00:22,4801.28,15.4,12,PENDIENTE,50.65,3.4000000000000004,2.799999999999999,port_log/data/raw/imgs/port_log_images/0036_plate_patente.jpg,YANG-MING,100.0,plates
MOV-00013,B-015,ZIM-DELTA,R-01,MUELLE-F,TRIGO,ROTTERDAM,2021-12-20,20:32,2021-12-23,05:43,4918.63,13.1,12,EN_REVISION,57.18333333333333,1.0999999999999996,0.4999999999999982,port_log/data/raw/imgs/port_log_images/0059_plate_patente.jpg,ZIM-DELT4,87.5,plates
MOV-00040,B-014,CMA-ROSARIO,R-08,MUELLE-B,SOJA,SHANGHAI,2024-07-11,13:54,2024-07-11,07:21,5727.86,13.6,10,EN_REVISION,,3.6,3.1,port_log/data/raw/imgs/port_log_images/0029_plate_patente.jpg,CMA-ROS4RIO,90.0,plates
MOV-00031,B-028,MAERSK-LIMA,R-02,MUELLE-D,MAIZ,VALPARAISO,2022-01-04,11:27,2022-01-05,01:21,7051.4,13.5,12,DESPACHADO,13.9,1.5,0.8999999999999986,port_log/data/raw/imgs/port_log_images/0034_plate_patente.jpg,MAERSK-LIMA,100.0,plates
MOV-00026,B-006,YANG-ESTE,R-01,MUELLE-D,ACEITE,VALPARAISO,2023-04-17,00:48,2023-04-18,00:00,7576.43,16.2,15,DESPACHADO,23.2,1.1999999999999993,0.4499999999999993,port_log/data/raw/imgs/port_log_images/0049_plate_patente.jpg,YANG-ESTE,100.0,plates
MOV-00017,B-016,PIL-SANTA,R-08,MUELLE-F,TRIGO,VALPARAISO,2021-11-18,10:57,2021-11-19,18:54,5870.05,13.2,12,,31.95,1.1999999999999993,0.5999999999999979,port_log/data/raw/imgs/port_log_images/0001_plate_patente.jpg,PIL-SanTA,100.0,plates
MOV-00089,B-026,HAPAG-SUR,R-03,MUELLE-E,HARINA,ROTTERDAM,2022-04-05,16:47,2022-04-07,18:29,3376.24,13.3,10,RECHAZADO,49.7,3.3000000000000007,2.8000000000000007,port_log/data/raw/imgs/port_log_images/0043_plate_patente.jpg,HAP46-SUR,75.0,plates
MOV-00136,B-031,CMA-LITORAL,R-08,MUELLE-C,HARINA,HAMBURG,2024-10-24,04:57,2024-10-27,11:29,5737.11,15.7,12,DESPACHADO,78.53333333333333,3.6999999999999993,3.099999999999998,port_log/data/raw/imgs/port_log_images/0046_plate_patente.jpg,CMA-LITORAL,100.0,plates
MOV-00081,B-021,HAPAG-RIO,R-07,MUELLE-C,HARINA,HAMBURG,2022-01-17,03:59,2022-01-18,07:00,4553.31,14.2,12,PENDIENTE,27.016666666666666,2.1999999999999997,1.599999999999998,port_log/data/raw/imgs/port_log_images/0050_plate.jpg,HAP46-RIO,75.0,plates
MOV-00013,B-015,ZIM-DELTA,R-01,MUELLE-F,TRIGO,ROTTERDAM,2021-12-20,20:32,2021-12-23,05:43,4918.63,13.1,12,EN_REVISION,57.18333333333333,1.0999999999999996,0.4999999999999982,port_log/data/raw/imgs/port_log_images/0007_plate_patente.jpg,Z1M-DELTA,87.5,plates
MOV-00018,B-023,YANG-MING,R-07,MUELLE-D,TRIGO,HAMBURG,2021-11-19,21:43,2021-11-22,00:22,4801.28,15.4,12,PENDIENTE,50.65,3.4000000000000004,2.799999999999999,port_log/data/raw/imgs/port_log_images/0012_plate_patente.jpg,YANG-MIN6,87.5,plates
MOV-00098,B-023,MSC-GENOVA,R-06,MUELLE-A,CONTENEDORES,VALPARAISO,2022-10-04,01:09,2022-10-05,22:10,5952.49,20.2,12,DESPACHADO,45.016666666666666,8.2,7.599999999999998,port_log/data/raw/imgs/port_log_images/0002_plate.jpg,MSC -GENOVA,100.0,plates
MOV-00005,B-017,ONE-PLATA,R-03,MUELLE-E,SOJA,VALPARAISO,2024-05-13,16:58,2024-05-13,02:16,6166.47,16.2,15,PENDIENTE,,1.1999999999999993,0.4499999999999993,port_log/data/raw/imgs/port_log_images/0047_plate.jpg,ONE-PLATA,100.0,plates
MOV-00081,B-021,HAPAG-RIO,R-07,MUELLE-C,HARINA,HAMBURG,2022-01-17,03:59,2022-01-18,07:00,4553.31,14.2,12,PENDIENTE,27.016666666666666,2.1999999999999997,1.599999999999998,port_log/data/raw/imgs/port_log_images/0031_plate_patente.jpg,HAPA6-R1O,75.0,plates
MOV-00016,B-032,COSCO-TIGRE,R-04,MUELLE-B,GRANOS,BUENOS AIRES,2022-11-26,14:03,2022-11-28,02:49,5421.5,17.3,15,RECHAZADO,36.766666666666666,2.3000000000000007,1.5500000000000007,port_log/data/raw/imgs/port_log_images/0014_plate_patente.jpg,CoscO-TIGRE,100.0,plates
MOV-00098,B-023,MSC-GENOVA,R-06,MUELLE-A,CONTENEDORES,VALPARAISO,2022-10-04,01:09,2022-10-05,22:10,5952.49,20.2,12,DESPACHADO,45.016666666666666,8.2,7.599999999999998,port_log/data/raw/imgs/port_log_images/0027_plate_patente.jpg,MSc- G3Nov4,77.77777777777779,plates
MOV-00017,B-016,PIL-SANTA,R-08,MUELLE-F,TRIGO,VALPARAISO,2021-11-18,10:57,2021-11-19,18:54,5870.05,13.2,12,,31.95,1.1999999999999993,0.5999999999999979,port_log/data/raw/imgs/port_log_images/0006_plate_patente.jpg,PIL-SANT4,87.5,plates
MOV-00143,B-037,EVERGREEN-02,R-07,MUELLE-F,MAIZ,BUENOS AIRES,2020-07-24,06:32,2020-07-26,09:21,3243.42,13.5,10,PENDIENTE,50.81666666666667,3.5,3.0,port_log/data/raw/imgs/port_log_images/0037_plate_patente.jpg,EVERGREEN-02,100.0,plates
MOV-00040,B-014,CMA-ROSARIO,R-08,MUELLE-B,SOJA,SHANGHAI,2024-07-11,13:54,2024-07-11,07:21,5727.86,13.6,10,EN_REVISION,,3.6,3.1,port_log/data/raw/imgs/port_log_images/0053_plate_patente.jpg,CMA-ROSARIO,100.0,plates
MOV-00012,B-023,ONE-PARANA,R-04,MUELLE-F,SOJA,SHANGHAI,1900-01-01,05:51,2024-11-06,01:51,6969.71,11.2,10,RECHAZADO,,1.1999999999999993,0.6999999999999993,port_log/data/raw/imgs/port_log_images/0028_plate_patente.jpg,ONE - PARANA,100.0,plates
MOV-00016,B-032,COSCO-TIGRE,R-04,MUELLE-B,GRANOS,BUENOS AIRES,2022-11-26,14:03,2022-11-28,02:49,5421.5,17.3,15,RECHAZADO,36.766666666666666,2.3000000000000007,1.5500000000000007,port_log/data/raw/imgs/port_log_images/0033_plate_patente.jpg,COSCO-TIGRE,100.0,plates
MOV-00005,B-017,ONE-PLATA,R-03,MUELLE-E,SOJA,VALPARAISO,2024-05-13,16:58,2024-05-13,02:16,6166.47,16.2,15,PENDIENTE,,1.1999999999999993,0.4499999999999993,port_log/data/raw/imgs/port_log_images/0022_plate_patente.jpg,ONE-PLATA,100.0,plates
MOV-00081,B-021,HAPAG-RIO,R-07,MUELLE-C,HARINA,HAMBURG,2022-01-17,03:59,2022-01-18,07:00,4553.31,14.2,12,PENDIENTE,27.016666666666666,2.1999999999999997,1.599999999999998,port_log/data/raw/imgs/port_log_images/0035_plate_patente.jpg,HAPA6-RIO,87.5,plates
MOV-00005,B-017,ONE-PLATA,R-03,MUELLE-E,SOJA,VALPARAISO,2024-05-13,16:58,2024-05-13,02:16,6166.47,16.2,15,PENDIENTE,,1.1999999999999993,0.4499999999999993,port_log/data/raw/imgs/port_log_images/0013_plate.jpg,ONE-PLATA,100.0,plates
MOV-00143,B-037,EVERGREEN-02,R-07,MUELLE-F,MAIZ,BUENOS AIRES,2020-07-24,06:32,2020-07-26,09:21,3243.42,13.5,10,PENDIENTE,50.81666666666667,3.5,3.0,port_log/data/raw/imgs/port_log_images/0018_plate_patente.jpg,EVERGREEN-02,100.0,plates
MOV-00098,B-023,MSC-GENOVA,R-06,MUELLE-A,CONTENEDORES,VALPARAISO,2022-10-04,01:09,2022-10-05,22:10,5952.49,20.2,12,DESPACHADO,45.016666666666666,8.2,7.599999999999998,port_log/data/raw/imgs/port_log_images/0060_plate_patente.jpg,HSC-GENOVA,88.88888888888889,plates
MOV-00040,B-014,CMA-ROSARIO,R-08,MUELLE-B,SOJA,SHANGHAI,2024-07-11,13:54,2024-07-11,07:21,5727.86,13.6,10,EN_REVISION,,3.6,3.1,port_log/data/raw/imgs/port_log_images/0003_plate_patente.jpg,CMA-ROSARIO,100.0,plates
MOV-00005,B-017,ONE-PLATA,R-03,MUELLE-E,SOJA,VALPARAISO,2024-05-13,16:58,2024-05-13,02:16,6166.47,16.2,15,PENDIENTE,,1.1999999999999993,0.4499999999999993,port_log/data/raw/imgs/port_log_images/0041_plate.jpg,ONE-PLATA,100.0,plates
MOV-00136,B-031,CMA-LITORAL,R-08,MUELLE-C,HARINA,HAMBURG,2024-10-24,04:57,2024-10-27,11:29,5737.11,15.7,12,DESPACHADO,78.53333333333333,3.6999999999999993,3.099999999999998,port_log/data/raw/imgs/port_log_images/0015_plate_patente.jpg,CMA-LITORAL,100.0,plates
MOV-00016,B-032,COSCO-TIGRE,R-04,MUELLE-B,GRANOS,BUENOS AIRES,2022-11-26,14:03,2022-11-28,02:49,5421.5,17.3,15,RECHAZADO,36.766666666666666,2.3000000000000007,1.5500000000000007,port_log/data/raw/imgs/port_log_images/0057_plate_patente.jpg,COSCO-TIGRE,100.0,plates
MOV-00065,B-004,COSCO-STAR,R-04,MUELLE-E,GRANOS,MONTEVIDEO,2024-09-08,12:50,2024-09-11,11:19,5551.09,10.7,10,RECHAZADO,70.48333333333333,0.6999999999999993,0.1999999999999993,port_log/data/raw/imgs/port_log_images/0042_plate.jpg,CoScO-STAR,100.0,plates
MOV-00040,B-014,CMA-ROSARIO,R-08,MUELLE-B,SOJA,SHANGHAI,2024-07-11,13:54,2024-07-11,07:21,5727.86,13.6,10,EN_REVISION,,3.6,3.1,port_log/data/raw/imgs/port_log_images/0058_plate_patente.jpg,CMA-ROSARIO,100.0,plates
MOV-00012,B-023,ONE-PARANA,R-04,MUELLE-F,SOJA,SHANGHAI,1900-01-01,05:51,2024-11-06,01:51,6969.71,11.2,10,RECHAZADO,,1.1999999999999993,0.6999999999999993,port_log/data/raw/imgs/port_log_images/0044_plate_patente.jpg,ONE-PARANA,100.0,plates
MOV-00081,B-021,HAPAG-RIO,R-07,MUELLE-C,HARINA,HAMBURG,2022-01-17,03:59,2022-01-18,07:00,4553.31,14.2,12,PENDIENTE,27.016666666666666,2.1999999999999997,1.599999999999998,port_log/data/raw/imgs/port_log_images/0017_plate_patente.jpg,HAPA6-R1O,75.0,plates
MOV-00045,B-013,MSC-ALPHA,R-08,MUELLE-E,MAIZ,SANTA FE,2024-01-02,02:32,2024-01-03,16:59,7045.67,15.9,12,RECHAZADO,38.45,3.9,3.299999999999999,port_log/data/raw/imgs/port_log_images/0040_plate_patente.jpg,MSC-4LPHA,87.5,plates
MOV-00017,B-016,PIL-SANTA,R-08,MUELLE-F,TRIGO,VALPARAISO,2021-11-18,10:57,2021-11-19,18:54,5870.05,13.2,12,,31.95,1.1999999999999993,0.5999999999999979,port_log/data/raw/imgs/port_log_images/0021_plate_patente.jpg,PIL -SANTA,100.0,plates
MOV-00143,B-037,EVERGREEN-02,R-07,MUELLE-F,MAIZ,BUENOS AIRES,2020-07-24,06:32,2020-07-26,09:21,3243.42,13.5,10,PENDIENTE,50.81666666666667,3.5,3.0,port_log/data/raw/imgs/port_log_images/0056_plate.jpg,EVERGREEN-02,100.0,plates
MOV-00136,B-031,CMA-LITORAL,R-08,MUELLE-C,HARINA,HAMBURG,2024-10-24,04:57,2024-10-27,11:29,5737.11,15.7,12,DESPACHADO,78.53333333333333,3.6999999999999993,3.099999999999998,port_log/data/raw/imgs/port_log_images/0010_plate_patente.jpg,CMA-LITORAL,100.0,plates
MOV-00026,B-006,YANG-ESTE,R-01,MUELLE-D,ACEITE,VALPARAISO,2023-04-17,00:48,2023-04-18,00:00,7576.43,16.2,15,DESPACHADO,23.2,1.1999999999999993,0.4499999999999993,port_log/data/raw/imgs/port_log_images/0026_plate_patente.jpg,YANG-ESTE,100.0,plates
MOV-00017,B-016,PIL-SANTA,R-08,MUELLE-F,TRIGO,VALPARAISO,2021-11-18,10:57,2021-11-19,18:54,5870.05,13.2,12,,31.95,1.1999999999999993,0.5999999999999979,port_log/data/raw/imgs/port_log_images/0051_plate_patente.jpg,PIL-SANTA,100.0,plates
MOV-00026,B-006,YANG-ESTE,R-01,MUELLE-D,ACEITE,VALPARAISO,2023-04-17,00:48,2023-04-18,00:00,7576.43,16.2,15,DESPACHADO,23.2,1.1999999999999993,0.4499999999999993,port_log/data/raw/imgs/port_log_images/0016_plate.jpg,YAN6 - ESTF,75.0,plates
MOV-00018,B-023,YANG-MING,R-07,MUELLE-D,TRIGO,HAMBURG,2021-11-19,21:43,2021-11-22,00:22,4801.28,15.4,12,PENDIENTE,50.65,3.4000000000000004,2.799999999999999,port_log/data/raw/imgs/port_log_images/0045_plate_patente.jpg,YANG-MING,100.0,plates
MOV-00014,B-003,MAERSK-PAMPAS,,MUELLE-E,TRIGO,SHANGHAI,2023-06-30,10:42,2023-07-01,19:13,6604.27,13.9,12,RECHAZADO,32.516666666666666,1.9000000000000004,1.299999999999999,port_log/data/raw/imgs/port_log_images/0030_plate_patente.jpg,MAERSK-PAMP4S,91.66666666666666,plates
MOV-00014,B-003,MAERSK-PAMPAS,,MUELLE-E,TRIGO,SHANGHAI,2023-06-30,10:42,2023-07-01,19:13,6604.27,13.9,12,RECHAZADO,32.516666666666666,1.9000000000000004,1.299999999999999,port_log/data/raw/imgs/port_log_images/0054_plate_patente.jpg,MAERSK-PAMPAS,100.0,plates
MOV-00016,B-032,COSCO-TIGRE,R-04,MUELLE-B,GRANOS,BUENOS AIRES,2022-11-26,14:03,2022-11-28,02:49,5421.5,17.3,15,RECHAZADO,36.766666666666666,2.3000000000000007,1.5500000000000007,port_log/data/raw/imgs/port_log_images/0032_plate_patente.jpg,cosco-TIGRE,100.0,plates
MOV-00040,B-014,CMA-ROSARIO,R-08,MUELLE-B,SOJA,SHANGHAI,2024-07-11,13:54,2024-07-11,07:21,5727.86,13.6,10,EN_REVISION,,3.6,3.1,port_log/data/raw/imgs/port_log_images/0039_plate_patente.jpg,CMA-ROS4RIO,90.0,plates
MOV-00081,B-021,HAPAG-RIO,R-07,MUELLE-C,HARINA,HAMBURG,2022-01-17,03:59,2022-01-18,07:00,4553.31,14.2,12,PENDIENTE,27.016666666666666,2.1999999999999997,1.599999999999998,port_log/data/raw/imgs/port_log_images/0011_plate.jpg,HApAG-RIO,100.0,plates
MOV-00031,B-028,MAERSK-LIMA,R-02,MUELLE-D,MAIZ,VALPARAISO,2022-01-04,11:27,2022-01-05,01:21,7051.4,13.5,12,DESPACHADO,13.9,1.5,0.8999999999999986,port_log/data/raw/imgs/port_log_images/0005_plate_patente.jpg,MAERSK-LIM4,90.0,plates
MOV-00005,B-017,ONE-PLATA,R-03,MUELLE-E,SOJA,VALPARAISO,2024-05-13,16:58,2024-05-13,02:16,6166.47,16.2,15,PENDIENTE,,1.1999999999999993,0.4499999999999993,port_log/data/raw/imgs/port_log_images/0008_plate_patente.jpg,ONE-PLAT4,87.5,plates
MOV-00012,B-023,ONE-PARANA,R-04,MUELLE-F,SOJA,SHANGHAI,1900-01-01,05:51,2024-11-06,01:51,6969.71,11.2,10,RECHAZADO,,1.1999999999999993,0.6999999999999993,port_log/data/raw/imgs/port_log_images/0055_plate_patente.jpg,ONE -PARANA,100.0,plates
MOV-00017,B-016,PIL-SANTA,R-08,MUELLE-F,TRIGO,VALPARAISO,2021-11-18,10:57,2021-11-19,18:54,5870.05,13.2,12,,31.95,1.1999999999999993,0.5999999999999979,port_log/data/raw/imgs/port_log_images/0019_complete_patente.jpg,PIL-SaNTA,100.0,completes
MOV-00089,B-026,HAPAG-SUR,R-03,MUELLE-E,HARINA,ROTTERDAM,2022-04-05,16:47,2022-04-07,18:29,3376.24,13.3,10,RECHAZADO,49.7,3.3000000000000007,2.8000000000000007,port_log/data/raw/imgs/port_log_images/0013_complete_patente.jpg,HAPAG-SUR,100.0,completes
MOV-00160,B-007,EVER-GLORY,R-07,MUELLE-F,MINERALES,VALPARAISO,2020-01-27,06:41,2020-01-30,05:06,3906.55,15.0,10,DESPACHADO,70.41666666666667,5.0,4.5,port_log/data/raw/imgs/port_log_images/0035_complete_patente.jpg,ever-Glory,100.0,completes
MOV-00012,B-023,ONE-PARANA,R-04,MUELLE-F,SOJA,SHANGHAI,1900-01-01,05:51,2024-11-06,01:51,6969.71,11.2,10,RECHAZADO,,1.1999999999999993,0.6999999999999993,port_log/data/raw/imgs/port_log_images/0037_complete_patente.jpg,ONE - PARAN4,88.88888888888889,completes
MOV-00065,B-004,COSCO-STAR,R-04,MUELLE-E,GRANOS,MONTEVIDEO,2024-09-08,12:50,2024-09-11,11:19,5551.09,10.7,10,RECHAZADO,70.48333333333333,0.6999999999999993,0.1999999999999993,port_log/data/raw/imgs/port_log_images/0038_complete.jpg,coscO-St4r,88.88888888888889,completes
MOV-00040,B-014,CMA-ROSARIO,R-08,MUELLE-B,SOJA,SHANGHAI,2024-07-11,13:54,2024-07-11,07:21,5727.86,13.6,10,EN_REVISION,,3.6,3.1,port_log/data/raw/imgs/port_log_images/0001_complete_patente.jpg,CMA-ROS4RLO,80.0,completes
MOV-00098,B-023,MSC-GENOVA,R-06,MUELLE-A,CONTENEDORES,VALPARAISO,2022-10-04,01:09,2022-10-05,22:10,5952.49,20.2,12,DESPACHADO,45.016666666666666,8.2,7.599999999999998,port_log/data/raw/imgs/port_log_images/0023_complete_patente.jpg,hsc-GENOVA,88.88888888888889,completes
MOV-00013,B-015,ZIM-DELTA,R-01,MUELLE-F,TRIGO,ROTTERDAM,2021-12-20,20:32,2021-12-23,05:43,4918.63,13.1,12,EN_REVISION,57.18333333333333,1.0999999999999996,0.4999999999999982,port_log/data/raw/imgs/port_log_images/0005_complete_patente.jpg,ZIM-DELTA,100.0,completes
MOV-00005,B-017,ONE-PLATA,R-03,MUELLE-E,SOJA,VALPARAISO,2024-05-13,16:58,2024-05-13,02:16,6166.47,16.2,15,PENDIENTE,,1.1999999999999993,0.4499999999999993,port_log/data/raw/imgs/port_log_images/0031_complete_patente.jpg,ONE-PLATA,100.0,completes
MOV-00045,B-013,MSC-ALPHA,R-08,MUELLE-E,MAIZ,SANTA FE,2024-01-02,02:32,2024-01-03,16:59,7045.67,15.9,12,RECHAZADO,38.45,3.9,3.299999999999999,port_log/data/raw/imgs/port_log_images/0002_complete_patente.jpg,MSC-ALPHA,100.0,completes
MOV-00074,B-038,PIL-OESTE,,MUELLE-C,MAIZ,SAO PAULO,2022-10-19,17:41,2022-10-21,00:25,5195.16,15.9,10,EN_REVISION,30.73333333333333,5.9,5.4,port_log/data/raw/imgs/port_log_images/0004_complete_patente.jpg,PIL-OESTE,100.0,completes
MOV-00160,B-007,EVER-GLORY,R-07,MUELLE-F,MINERALES,VALPARAISO,2020-01-27,06:41,2020-01-30,05:06,3906.55,15.0,10,DESPACHADO,70.41666666666667,5.0,4.5,port_log/data/raw/imgs/port_log_images/0034_complete_patente.jpg,EVER-GLORY,100.0,completes
MOV-00016,B-032,COSCO-TIGRE,R-04,MUELLE-B,GRANOS,BUENOS AIRES,2022-11-26,14:03,2022-11-28,02:49,5421.5,17.3,15,RECHAZADO,36.766666666666666,2.3000000000000007,1.5500000000000007,port_log/data/raw/imgs/port_log_images/0033_complete.jpg,coscO-TIGRE,100.0,completes
MOV-00074,B-038,PIL-OESTE,,MUELLE-C,MAIZ,SAO PAULO,2022-10-19,17:41,2022-10-21,00:25,5195.16,15.9,10,EN_REVISION,30.73333333333333,5.9,5.4,port_log/data/raw/imgs/port_log_images/0026_complete_patente.jpg,PIL-BESTE,87.5,completes
MOV-00040,B-014,CMA-ROSARIO,R-08,MUELLE-B,SOJA,SHANGHAI,2024-07-11,13:54,2024-07-11,07:21,5727.86,13.6,10,EN_REVISION,,3.6,3.1,port_log/data/raw/imgs/port_log_images/0011_complete.jpg,CMA-ROSAR1O,90.0,completes
MOV-00045,B-013,MSC-ALPHA,R-08,MUELLE-E,MAIZ,SANTA FE,2024-01-02,02:32,2024-01-03,16:59,7045.67,15.9,12,RECHAZADO,38.45,3.9,3.299999999999999,port_log/data/raw/imgs/port_log_images/0028_complete_patente.jpg,hsc-ALPHA,87.5,completes
MOV-00017,B-016,PIL-SANTA,R-08,MUELLE-F,TRIGO,VALPARAISO,2021-11-18,10:57,2021-11-19,18:54,5870.05,13.2,12,,31.95,1.1999999999999993,0.5999999999999979,port_log/data/raw/imgs/port_log_images/0012_complete_patente.jpg,PIL - SANT4,87.5,completes
MOV-00005,B-017,ONE-PLATA,R-03,MUELLE-E,SOJA,VALPARAISO,2024-05-13,16:58,2024-05-13,02:16,6166.47,16.2,15,PENDIENTE,,1.1999999999999993,0.4499999999999993,port_log/data/raw/imgs/port_log_images/0024_complete_patente.jpg,ONE-PLAT4,87.5,completes
MOV-00089,B-026,HAPAG-SUR,R-03,MUELLE-E,HARINA,ROTTERDAM,2022-04-05,16:47,2022-04-07,18:29,3376.24,13.3,10,RECHAZADO,49.7,3.3000000000000007,2.8000000000000007,port_log/data/raw/imgs/port_log_images/0020_complete_patente.jpg,HAPAG- SUR,100.0,completes
MOV-00040,B-014,CMA-ROSARIO,R-08,MUELLE-B,SOJA,SHANGHAI,2024-07-11,13:54,2024-07-11,07:21,5727.86,13.6,10,EN_REVISION,,3.6,3.1,port_log/data/raw/imgs/port_log_images/0017_complete_patente.jpg,GHA-ROSARIO,80.0,completes
MOV-00081,B-021,HAPAG-RIO,R-07,MUELLE-C,HARINA,HAMBURG,2022-01-17,03:59,2022-01-18,07:00,4553.31,14.2,12,PENDIENTE,27.016666666666666,2.1999999999999997,1.599999999999998,port_log/data/raw/imgs/port_log_images/0039_complete_patente.jpg,Hapag-RIO,100.0,completes
MOV-00160,B-007,EVER-GLORY,R-07,MUELLE-F,MINERALES,VALPARAISO,2020-01-27,06:41,2020-01-30,05:06,3906.55,15.0,10,DESPACHADO,70.41666666666667,5.0,4.5,port_log/data/raw/imgs/port_log_images/0022_complete_patente.jpg,eveR-6LORV,77.77777777777779,completes
MOV-00065,B-004,COSCO-STAR,R-04,MUELLE-E,GRANOS,MONTEVIDEO,2024-09-08,12:50,2024-09-11,11:19,5551.09,10.7,10,RECHAZADO,70.48333333333333,0.6999999999999993,0.1999999999999993,port_log/data/raw/imgs/port_log_images/0010_complete_patente.jpg,cOScO-StaR,100.0,completes
MOV-00160,B-007,EVER-GLORY,R-07,MUELLE-F,MINERALES,VALPARAISO,2020-01-27,06:41,2020-01-30,05:06,3906.55,15.0,10,DESPACHADO,70.41666666666667,5.0,4.5,port_log/data/raw/imgs/port_log_images/0030_complete_patente.jpg,EVER-6LORY,88.88888888888889,completes
MOV-00098,B-023,MSC-GENOVA,R-06,MUELLE-A,CONTENEDORES,VALPARAISO,2022-10-04,01:09,2022-10-05,22:10,5952.49,20.2,12,DESPACHADO,45.016666666666666,8.2,7.599999999999998,port_log/data/raw/imgs/port_log_images/0014_complete_patente.jpg,MSC -GENOVA,100.0,completes
MOV-00018,B-023,YANG-MING,R-07,MUELLE-D,TRIGO,HAMBURG,2021-11-19,21:43,2021-11-22,00:22,4801.28,15.4,12,PENDIENTE,50.65,3.4000000000000004,2.799999999999999,port_log/data/raw/imgs/port_log_images/0008_complete_patente.jpg,Yang-MING,100.0,completes
MOV-00040,B-014,CMA-ROSARIO,R-08,MUELLE-B,SOJA,SHANGHAI,2024-07-11,13:54,2024-07-11,07:21,5727.86,13.6,10,EN_REVISION,,3.6,3.1,port_log/data/raw/imgs/port_log_images/0027_complete_patente.jpg,CMA-ROSARIO,100.0,completes
MOV-00017,B-016,PIL-SANTA,R-08,MUELLE-F,TRIGO,VALPARAISO,2021-11-18,10:57,2021-11-19,18:54,5870.05,13.2,12,,31.95,1.1999999999999993,0.5999999999999979,port_log/data/raw/imgs/port_log_images/0021_complete_patente.jpg,PIL -SANT4,87.5,completes
MOV-00160,B-007,EVER-GLORY,R-07,MUELLE-F,MINERALES,VALPARAISO,2020-01-27,06:41,2020-01-30,05:06,3906.55,15.0,10,DESPACHADO,70.41666666666667,5.0,4.5,port_log/data/raw/imgs/port_log_images/0016_complete_patente.jpg,EVER-GLORY,100.0,completes
MOV-00160,B-007,EVER-GLORY,R-07,MUELLE-F,MINERALES,VALPARAISO,2020-01-27,06:41,2020-01-30,05:06,3906.55,15.0,10,DESPACHADO,70.41666666666667,5.0,4.5,port_log/data/raw/imgs/port_log_images/0009_complete.jpg,EVER-6LORY,88.88888888888889,completes
MOV-00160,B-007,EVER-GLORY,R-07,MUELLE-F,MINERALES,VALPARAISO,2020-01-27,06:41,2020-01-30,05:06,3906.55,15.0,10,DESPACHADO,70.41666666666667,5.0,4.5,port_log/data/raw/imgs/port_log_images/0025_complete_patente.jpg,EvER-GLorY,100.0,completes
MOV-00143,B-037,EVERGREEN-02,R-07,MUELLE-F,MAIZ,BUENOS AIRES,2020-07-24,06:32,2020-07-26,09:21,3243.42,13.5,10,PENDIENTE,50.81666666666667,3.5,3.0,port_log/data/raw/imgs/port_log_images/0006_complete_patente.jpg,EVERGREEN-02,100.0,completes
MOV-00017,B-016,PIL-SANTA,R-08,MUELLE-F,TRIGO,VALPARAISO,2021-11-18,10:57,2021-11-19,18:54,5870.05,13.2,12,,31.95,1.1999999999999993,0.5999999999999979,port_log/data/raw/imgs/port_log_images/0003_complete_patente.jpg,PIL-SaNTA,100.0,completes
MOV-00014,B-003,MAERSK-PAMPAS,,MUELLE-E,TRIGO,SHANGHAI,2023-06-30,10:42,2023-07-01,19:13,6604.27,13.9,12,RECHAZADO,32.516666666666666,1.9000000000000004,1.299999999999999,port_log/data/raw/imgs/port_log_images/0018_complete_patente.jpg,MAERSK - PAMPAS,100.0,completes
MOV-00005,B-017,ONE-PLATA,R-03,MUELLE-E,SOJA,VALPARAISO,2024-05-13,16:58,2024-05-13,02:16,6166.47,16.2,15,PENDIENTE,,1.1999999999999993,0.4499999999999993,port_log/data/raw/imgs/port_log_images/0007_complete_patente.jpg,ONE-PLATA,100.0,completes
MOV-00045,B-013,MSC-ALPHA,R-08,MUELLE-E,MAIZ,SANTA FE,2024-01-02,02:32,2024-01-03,16:59,7045.67,15.9,12,RECHAZADO,38.45,3.9,3.299999999999999,port_log/data/raw/imgs/port_log_images/0032_complete_patente.jpg,MSC-4LPHA,87.5,completes
